-- MariaDB dump 10.19  Distrib 10.4.32-MariaDB, for Win64 (AMD64)
--
-- Host: localhost    Database: shimoda_a
-- ------------------------------------------------------
-- Server version	10.4.32-MariaDB

/*!40101 SET @OLD_CHARACTER_SET_CLIENT=@@CHARACTER_SET_CLIENT */;
/*!40101 SET @OLD_CHARACTER_SET_RESULTS=@@CHARACTER_SET_RESULTS */;
/*!40101 SET @OLD_COLLATION_CONNECTION=@@COLLATION_CONNECTION */;
/*!40101 SET NAMES utf8mb4 */;
/*!40103 SET @OLD_TIME_ZONE=@@TIME_ZONE */;
/*!40103 SET TIME_ZONE='+00:00' */;
/*!40014 SET @OLD_UNIQUE_CHECKS=@@UNIQUE_CHECKS, UNIQUE_CHECKS=0 */;
/*!40014 SET @OLD_FOREIGN_KEY_CHECKS=@@FOREIGN_KEY_CHECKS, FOREIGN_KEY_CHECKS=0 */;
/*!40101 SET @OLD_SQL_MODE=@@SQL_MODE, SQL_MODE='NO_AUTO_VALUE_ON_ZERO' */;
/*!40111 SET @OLD_SQL_NOTES=@@SQL_NOTES, SQL_NOTES=0 */;

--
-- Table structure for table `price_history`
--

DROP TABLE IF EXISTS `price_history`;
/*!40101 SET @saved_cs_client     = @@character_set_client */;
/*!40101 SET character_set_client = utf8 */;
CREATE TABLE `price_history` (
  `history_id` int(10) unsigned NOT NULL AUTO_INCREMENT,
  `product_id` int(10) unsigned NOT NULL,
  `store_id` int(10) unsigned NOT NULL,
  `price` int(10) unsigned NOT NULL,
  `quantity` int(10) unsigned DEFAULT NULL,
  `unit_price` decimal(10,2) DEFAULT NULL,
  `recorded_at` datetime DEFAULT current_timestamp(),
  PRIMARY KEY (`history_id`),
  KEY `product_id` (`product_id`),
  KEY `store_id` (`store_id`),
  CONSTRAINT `price_history_ibfk_1` FOREIGN KEY (`product_id`) REFERENCES `products` (`product_id`),
  CONSTRAINT `price_history_ibfk_2` FOREIGN KEY (`store_id`) REFERENCES `stores` (`store_id`)
) ENGINE=InnoDB AUTO_INCREMENT=281 DEFAULT CHARSET=utf8 COLLATE=utf8_unicode_ci;
/*!40101 SET character_set_client = @saved_cs_client */;

--
-- Dumping data for table `price_history`
--

LOCK TABLES `price_history` WRITE;
/*!40000 ALTER TABLE `price_history` DISABLE KEYS */;
INSERT INTO `price_history` VALUES (9,2,6,235,NULL,NULL,'2025-07-05 15:37:20'),(10,3,6,483,NULL,NULL,'2025-07-05 15:37:20'),(11,4,6,192,NULL,NULL,'2025-07-05 15:37:20'),(12,5,6,900,600,NULL,'2025-07-05 15:37:20'),(13,6,6,670,NULL,NULL,'2025-07-05 15:37:20'),(14,7,6,483,NULL,NULL,'2025-07-05 15:37:20'),(15,8,6,235,NULL,NULL,'2025-07-05 15:37:20'),(16,9,6,78,NULL,NULL,'2025-07-05 15:37:20'),(17,10,6,192,NULL,NULL,'2025-07-05 15:37:20'),(18,11,6,95,NULL,NULL,'2025-07-05 15:37:20'),(19,12,6,41,NULL,NULL,'2025-07-05 15:37:20'),(20,13,6,203,NULL,NULL,'2025-07-05 15:37:20'),(21,14,6,257,NULL,NULL,'2025-07-05 15:37:20'),(22,15,6,332,NULL,NULL,'2025-07-05 15:37:20'),(23,16,6,170,NULL,NULL,'2025-07-05 15:37:20'),(24,17,6,278,NULL,NULL,'2025-07-05 15:37:20'),(25,18,6,127,NULL,NULL,'2025-07-05 15:37:20'),(26,19,6,224,NULL,NULL,'2025-07-05 15:37:20'),(27,20,6,170,NULL,NULL,'2025-07-05 15:37:20'),(28,21,6,95,NULL,NULL,'2025-07-05 15:37:20'),(29,22,6,203,NULL,NULL,'2025-07-05 15:37:20'),(30,23,6,602,NULL,NULL,'2025-07-05 15:37:20'),(31,24,6,591,NULL,NULL,'2025-07-05 15:37:20'),(32,25,6,278,NULL,NULL,'2025-07-05 15:37:20'),(33,26,6,235,NULL,NULL,'2025-07-05 15:37:20'),(34,27,6,354,NULL,NULL,'2025-07-05 15:37:20'),(35,28,6,481,NULL,NULL,'2025-07-05 15:37:20'),(36,29,6,138,NULL,NULL,'2025-07-05 15:37:20'),(37,30,6,138,NULL,NULL,'2025-07-05 15:37:20'),(38,31,6,393,NULL,NULL,'2025-07-05 15:37:20'),(39,32,6,95,NULL,NULL,'2025-07-05 15:37:20'),(40,33,6,224,NULL,NULL,'2025-07-05 15:37:20'),(41,34,6,429,NULL,NULL,'2025-07-05 15:37:20'),(42,35,6,213,NULL,NULL,'2025-07-05 15:37:20'),(43,2,7,203,NULL,NULL,'2025-07-05 16:44:14'),(44,3,7,418,NULL,NULL,'2025-07-05 16:44:14'),(45,4,7,227,NULL,NULL,'2025-07-05 16:44:14'),(46,5,7,550,280,NULL,'2025-07-05 16:44:14'),(47,6,7,675,NULL,NULL,'2025-07-05 16:44:14'),(48,7,7,461,NULL,NULL,'2025-07-05 16:44:14'),(49,8,7,295,NULL,NULL,'2025-07-05 16:44:14'),(50,9,7,101,NULL,NULL,'2025-07-05 16:44:14'),(51,10,7,182,NULL,NULL,'2025-07-05 16:44:14'),(52,11,7,101,NULL,NULL,'2025-07-05 16:44:14'),(53,12,7,25,NULL,NULL,'2025-07-05 16:44:14'),(54,13,7,309,NULL,NULL,'2025-07-05 16:44:14'),(55,14,7,247,NULL,NULL,'2025-07-05 16:44:14'),(56,15,7,269,NULL,NULL,'2025-07-05 16:44:14'),(57,16,7,163,NULL,NULL,'2025-07-05 16:44:14'),(58,17,7,428,NULL,NULL,'2025-07-05 16:44:14'),(59,18,7,115,NULL,NULL,'2025-07-05 16:44:14'),(60,19,7,197,NULL,NULL,'2025-07-05 16:52:49'),(61,20,7,123,NULL,NULL,'2025-07-05 16:52:49'),(62,21,7,100,NULL,NULL,'2025-07-05 16:52:49'),(63,22,7,187,NULL,NULL,'2025-07-05 16:52:49'),(64,23,7,520,NULL,NULL,'2025-07-05 16:52:49'),(65,24,7,409,NULL,NULL,'2025-07-05 16:52:49'),(66,25,7,268,NULL,NULL,'2025-07-05 16:52:49'),(67,26,7,355,NULL,NULL,'2025-07-05 16:52:49'),(68,27,7,216,NULL,NULL,'2025-07-05 16:52:49'),(69,28,7,378,NULL,NULL,'2025-07-05 16:52:49'),(70,29,7,139,NULL,NULL,'2025-07-05 16:52:49'),(71,30,7,114,NULL,NULL,'2025-07-05 16:52:49'),(72,31,7,256,NULL,NULL,'2025-07-05 16:52:49'),(73,32,7,96,NULL,NULL,'2025-07-05 16:52:49'),(74,33,7,214,NULL,NULL,'2025-07-05 16:52:49'),(75,34,7,293,NULL,NULL,'2025-07-05 16:52:49'),(76,35,7,214,NULL,NULL,'2025-07-05 16:52:49'),(77,2,5,176,NULL,NULL,'2025-07-05 23:24:59'),(78,3,5,408,NULL,NULL,'2025-07-05 23:25:16'),(79,4,5,203,NULL,NULL,'2025-07-05 23:25:33'),(80,5,5,372,300,NULL,'2025-07-05 23:25:47'),(81,6,5,298,NULL,NULL,'2025-07-05 23:26:01'),(82,7,5,429,NULL,NULL,'2025-07-05 23:26:14'),(83,8,5,232,NULL,NULL,'2025-07-05 23:26:25'),(84,9,5,84,NULL,NULL,'2025-07-05 23:26:41'),(85,10,5,170,NULL,NULL,'2025-07-05 23:26:54'),(86,11,5,95,NULL,NULL,'2025-07-05 23:27:12'),(87,12,5,41,NULL,NULL,'2025-07-05 23:27:33'),(88,13,5,213,NULL,NULL,'2025-07-05 23:27:45'),(89,14,5,321,NULL,NULL,'2025-07-05 23:27:56'),(90,15,5,286,NULL,NULL,'2025-07-05 23:28:08'),(91,16,5,159,NULL,NULL,'2025-07-05 23:28:23'),(92,17,5,289,NULL,NULL,'2025-07-05 23:29:19'),(93,18,5,116,NULL,NULL,'2025-07-05 23:29:33'),(94,19,5,192,NULL,NULL,'2025-07-05 23:29:51'),(95,20,5,104,NULL,NULL,'2025-07-05 23:30:06'),(96,21,5,84,NULL,NULL,'2025-07-05 23:30:19'),(97,22,5,181,NULL,NULL,'0000-00-00 00:00:00'),(98,23,5,559,NULL,NULL,'2025-07-06 00:30:49'),(99,24,5,375,NULL,NULL,'2025-07-06 00:31:06'),(100,25,5,213,NULL,NULL,'2025-07-06 00:31:23'),(101,26,5,300,NULL,NULL,'2025-07-06 00:31:36'),(102,27,5,246,NULL,NULL,'2025-07-06 00:32:11'),(103,28,5,305,NULL,NULL,'2025-07-06 00:32:29'),(104,29,5,138,NULL,NULL,'2025-07-06 00:32:41'),(105,30,5,138,NULL,NULL,'2025-07-06 00:32:54'),(106,31,5,272,NULL,NULL,'2025-07-06 00:33:07'),(107,32,5,95,NULL,NULL,'2025-07-06 00:33:24'),(108,33,5,213,NULL,NULL,'2025-07-06 00:33:36'),(109,34,5,300,NULL,NULL,'2025-07-06 00:33:48'),(110,35,5,213,NULL,NULL,'2025-07-06 00:34:03'),(111,2,7,203,NULL,NULL,'2025-07-06 22:25:01'),(112,3,7,418,NULL,NULL,'2025-07-06 22:25:01'),(113,4,7,227,NULL,NULL,'2025-07-06 22:25:01'),(114,5,7,550,280,NULL,'2025-07-06 22:25:01'),(115,6,7,675,NULL,NULL,'2025-07-06 22:25:01'),(116,7,7,461,NULL,NULL,'2025-07-06 22:25:01'),(117,8,7,295,NULL,NULL,'2025-07-06 22:25:01'),(118,9,7,101,NULL,NULL,'2025-07-06 22:25:01'),(119,10,7,182,NULL,NULL,'2025-07-06 22:25:01'),(120,11,7,101,NULL,NULL,'2025-07-06 22:25:01'),(121,12,7,25,NULL,NULL,'2025-07-06 22:25:01'),(122,13,7,309,NULL,NULL,'2025-07-06 22:25:01'),(123,14,7,247,NULL,NULL,'2025-07-06 22:25:01'),(124,15,7,269,NULL,NULL,'2025-07-06 22:25:01'),(125,16,7,163,NULL,NULL,'2025-07-06 22:25:01'),(126,17,7,428,NULL,NULL,'2025-07-06 22:25:01'),(127,18,7,115,NULL,NULL,'2025-07-06 22:25:01'),(128,19,7,197,NULL,NULL,'2025-07-06 22:25:01'),(129,20,7,123,NULL,NULL,'2025-07-06 22:25:01'),(130,21,7,100,NULL,NULL,'2025-07-06 22:25:01'),(131,22,7,187,NULL,NULL,'2025-07-06 22:25:01'),(132,23,7,520,NULL,NULL,'2025-07-06 22:25:01'),(133,24,7,409,NULL,NULL,'2025-07-06 22:25:01'),(134,25,7,268,NULL,NULL,'2025-07-06 22:25:01'),(135,26,7,355,NULL,NULL,'2025-07-06 22:25:01'),(136,27,7,216,NULL,NULL,'2025-07-06 22:25:01'),(137,28,7,378,NULL,NULL,'2025-07-06 22:25:01'),(138,29,7,139,NULL,NULL,'2025-07-06 22:25:01'),(139,30,7,114,NULL,NULL,'2025-07-06 22:25:01'),(140,31,7,256,NULL,NULL,'2025-07-06 22:25:01'),(141,32,7,96,NULL,NULL,'2025-07-06 22:25:01'),(142,33,7,214,NULL,NULL,'2025-07-06 22:25:01'),(143,34,7,293,NULL,NULL,'2025-07-06 22:25:01'),(144,35,7,214,NULL,NULL,'2025-07-06 22:25:01'),(145,2,6,235,NULL,NULL,'2025-07-06 22:31:59'),(146,3,6,483,NULL,NULL,'2025-07-06 22:31:59'),(147,4,6,192,NULL,NULL,'2025-07-06 22:31:59'),(148,5,6,900,600,NULL,'2025-07-06 22:31:59'),(149,6,6,670,NULL,NULL,'2025-07-06 22:31:59'),(150,7,6,483,NULL,NULL,'2025-07-06 22:31:59'),(151,8,6,235,NULL,NULL,'2025-07-06 22:31:59'),(152,9,6,78,NULL,NULL,'2025-07-06 22:31:59'),(153,10,6,192,NULL,NULL,'2025-07-06 22:31:59'),(154,11,6,95,NULL,NULL,'2025-07-06 22:31:59'),(155,12,6,41,NULL,NULL,'2025-07-06 22:31:59'),(156,13,6,203,NULL,NULL,'2025-07-06 22:31:59'),(157,14,6,257,NULL,NULL,'2025-07-06 22:31:59'),(158,15,6,332,NULL,NULL,'2025-07-06 22:31:59'),(159,16,6,170,NULL,NULL,'2025-07-06 22:31:59'),(160,17,6,278,NULL,NULL,'2025-07-06 22:31:59'),(161,18,6,127,NULL,NULL,'2025-07-06 22:31:59'),(162,19,6,224,NULL,NULL,'2025-07-06 22:31:59'),(163,20,6,170,NULL,NULL,'2025-07-06 22:31:59'),(164,21,6,95,NULL,NULL,'2025-07-06 22:31:59'),(165,22,6,203,NULL,NULL,'2025-07-06 22:31:59'),(166,23,6,602,NULL,NULL,'2025-07-06 22:31:59'),(167,24,6,591,NULL,NULL,'2025-07-06 22:31:59'),(168,25,6,278,NULL,NULL,'2025-07-06 22:31:59'),(169,26,6,235,NULL,NULL,'2025-07-06 22:31:59'),(170,27,6,354,NULL,NULL,'2025-07-06 22:31:59'),(171,28,6,481,NULL,NULL,'2025-07-06 22:31:59'),(172,29,6,138,NULL,NULL,'2025-07-06 22:31:59'),(173,30,6,138,NULL,NULL,'2025-07-06 22:31:59'),(174,31,6,393,NULL,NULL,'2025-07-06 22:31:59'),(175,32,6,95,NULL,NULL,'2025-07-06 22:31:59'),(176,33,6,224,NULL,NULL,'2025-07-06 22:31:59'),(177,34,6,429,NULL,NULL,'2025-07-06 22:31:59'),(178,35,6,213,NULL,NULL,'2025-07-06 22:31:59'),(179,2,5,176,NULL,NULL,'2025-07-06 23:26:30'),(180,3,5,408,NULL,NULL,'2025-07-06 23:26:30'),(181,4,5,203,NULL,NULL,'2025-07-06 23:26:30'),(182,5,5,372,300,NULL,'2025-07-06 23:26:30'),(183,6,5,298,NULL,NULL,'2025-07-06 23:26:30'),(184,7,5,429,NULL,NULL,'2025-07-06 23:26:30'),(185,8,5,232,NULL,NULL,'2025-07-06 23:26:30'),(186,9,5,84,NULL,NULL,'2025-07-06 23:26:30'),(187,10,5,170,NULL,NULL,'2025-07-06 23:26:30'),(188,11,5,95,NULL,NULL,'2025-07-06 23:26:30'),(189,12,5,41,NULL,NULL,'2025-07-06 23:26:30'),(190,13,5,213,NULL,NULL,'2025-07-06 23:26:30'),(191,14,5,321,NULL,NULL,'2025-07-06 23:26:30'),(192,15,5,286,NULL,NULL,'2025-07-06 23:26:30'),(193,16,5,159,NULL,NULL,'2025-07-06 23:26:30'),(194,17,5,289,NULL,NULL,'2025-07-06 23:26:30'),(195,18,5,116,NULL,NULL,'2025-07-06 23:26:30'),(196,19,5,192,NULL,NULL,'2025-07-06 23:26:30'),(197,20,5,104,NULL,NULL,'2025-07-06 23:26:30'),(198,21,5,84,NULL,NULL,'2025-07-06 23:26:30'),(199,22,5,181,NULL,NULL,'2025-07-06 23:26:30'),(200,23,5,559,NULL,NULL,'2025-07-06 23:26:30'),(201,24,5,375,NULL,NULL,'2025-07-06 23:26:30'),(202,25,5,213,NULL,NULL,'2025-07-06 23:26:30'),(203,26,5,300,NULL,NULL,'2025-07-06 23:26:30'),(204,27,5,246,NULL,NULL,'2025-07-06 23:26:30'),(205,28,5,305,NULL,NULL,'2025-07-06 23:26:30'),(206,29,5,138,NULL,NULL,'2025-07-06 23:26:30'),(207,30,5,138,NULL,NULL,'2025-07-06 23:26:30'),(208,31,5,272,NULL,NULL,'2025-07-06 23:26:30'),(209,32,5,95,NULL,NULL,'2025-07-06 23:26:30'),(210,33,5,213,NULL,NULL,'2025-07-06 23:26:30'),(211,34,5,300,NULL,NULL,'2025-07-06 23:26:30'),(212,35,5,213,NULL,NULL,'2025-07-06 23:26:30'),(213,2,7,203,NULL,NULL,'2025-07-07 13:33:40'),(214,3,7,418,NULL,NULL,'2025-07-07 13:33:40'),(215,4,7,227,NULL,NULL,'2025-07-07 13:33:40'),(216,5,7,550,280,NULL,'2025-07-07 13:33:40'),(217,6,7,675,NULL,NULL,'2025-07-07 13:33:40'),(218,7,7,461,NULL,NULL,'2025-07-07 13:33:40'),(219,8,7,295,NULL,NULL,'2025-07-07 13:33:40'),(220,9,7,101,NULL,NULL,'2025-07-07 13:33:40'),(221,10,7,182,NULL,NULL,'2025-07-07 13:33:40'),(222,11,7,101,NULL,NULL,'2025-07-07 13:33:40'),(223,12,7,25,NULL,NULL,'2025-07-07 13:33:40'),(224,13,7,309,NULL,NULL,'2025-07-07 13:33:40'),(225,14,7,247,NULL,NULL,'2025-07-07 13:33:40'),(226,15,7,269,NULL,NULL,'2025-07-07 13:33:40'),(227,16,7,163,NULL,NULL,'2025-07-07 13:33:40'),(228,17,7,428,NULL,NULL,'2025-07-07 13:33:40'),(229,18,7,115,NULL,NULL,'2025-07-07 13:33:40'),(230,19,7,197,NULL,NULL,'2025-07-07 13:33:40'),(231,20,7,123,NULL,NULL,'2025-07-07 13:33:40'),(232,21,7,100,NULL,NULL,'2025-07-07 13:33:40'),(233,22,7,187,NULL,NULL,'2025-07-07 13:33:40'),(234,23,7,520,NULL,NULL,'2025-07-07 13:33:40'),(235,24,7,409,NULL,NULL,'2025-07-07 13:33:40'),(236,25,7,268,NULL,NULL,'2025-07-07 13:33:40'),(237,26,7,355,NULL,NULL,'2025-07-07 13:33:40'),(238,27,7,216,NULL,NULL,'2025-07-07 13:33:40'),(239,28,7,378,NULL,NULL,'2025-07-07 13:33:40'),(240,29,7,139,NULL,NULL,'2025-07-07 13:33:40'),(241,30,7,114,NULL,NULL,'2025-07-07 13:33:40'),(242,31,7,256,NULL,NULL,'2025-07-07 13:33:40'),(243,32,7,96,NULL,NULL,'2025-07-07 13:33:40'),(244,33,7,214,NULL,NULL,'2025-07-07 13:33:40'),(245,34,7,293,NULL,NULL,'2025-07-07 13:33:40'),(246,35,7,214,NULL,NULL,'2025-07-07 13:33:40'),(247,2,6,235,NULL,NULL,'2025-07-07 14:12:54'),(248,3,6,483,NULL,NULL,'2025-07-07 14:12:54'),(249,4,6,192,NULL,NULL,'2025-07-07 14:12:54'),(250,5,6,900,600,NULL,'2025-07-07 14:12:54'),(251,6,6,670,NULL,NULL,'2025-07-07 14:12:54'),(252,7,6,483,NULL,NULL,'2025-07-07 14:12:54'),(253,8,6,235,NULL,NULL,'2025-07-07 14:12:54'),(254,9,6,78,NULL,NULL,'2025-07-07 14:12:54'),(255,10,6,192,NULL,NULL,'2025-07-07 14:12:54'),(256,11,6,95,NULL,NULL,'2025-07-07 14:12:54'),(257,12,6,41,NULL,NULL,'2025-07-07 14:12:54'),(258,13,6,203,NULL,NULL,'2025-07-07 14:12:54'),(259,14,6,257,NULL,NULL,'2025-07-07 14:12:54'),(260,15,6,332,NULL,NULL,'2025-07-07 14:12:54'),(261,16,6,170,NULL,NULL,'2025-07-07 14:12:54'),(262,17,6,278,NULL,NULL,'2025-07-07 14:12:54'),(263,18,6,127,NULL,NULL,'2025-07-07 14:12:54'),(264,19,6,224,NULL,NULL,'2025-07-07 14:12:54'),(265,20,6,170,NULL,NULL,'2025-07-07 14:12:54'),(266,21,6,95,NULL,NULL,'2025-07-07 14:12:54'),(267,22,6,203,NULL,NULL,'2025-07-07 14:12:54'),(268,23,6,602,NULL,NULL,'2025-07-07 14:12:54'),(269,24,6,591,NULL,NULL,'2025-07-07 14:12:54'),(270,25,6,278,NULL,NULL,'2025-07-07 14:12:54'),(271,26,6,235,NULL,NULL,'2025-07-07 14:12:54'),(272,27,6,354,NULL,NULL,'2025-07-07 14:12:54'),(273,28,6,481,NULL,NULL,'2025-07-07 14:12:54'),(274,29,6,138,NULL,NULL,'2025-07-07 14:12:54'),(275,30,6,138,NULL,NULL,'2025-07-07 14:12:54'),(276,31,6,393,NULL,NULL,'2025-07-07 14:12:54'),(277,32,6,95,NULL,NULL,'2025-07-07 14:12:54'),(278,33,6,224,NULL,NULL,'2025-07-07 14:12:54'),(279,34,6,429,NULL,NULL,'2025-07-07 14:12:54'),(280,35,6,213,NULL,NULL,'2025-07-07 14:12:54');
/*!40000 ALTER TABLE `price_history` ENABLE KEYS */;
UNLOCK TABLES;

--
-- Table structure for table `price_weekly_avg`
--

DROP TABLE IF EXISTS `price_weekly_avg`;
/*!40101 SET @saved_cs_client     = @@character_set_client */;
/*!40101 SET character_set_client = utf8 */;
CREATE TABLE `price_weekly_avg` (
  `avg_id` int(10) unsigned NOT NULL AUTO_INCREMENT,
  `product_id` int(10) unsigned NOT NULL,
  `store_id` int(10) unsigned NOT NULL,
  `average_price` decimal(10,2) NOT NULL,
  `average_period_start` date NOT NULL,
  `average_period_end` date NOT NULL,
  `created_at` timestamp NOT NULL DEFAULT current_timestamp(),
  PRIMARY KEY (`avg_id`),
  KEY `product_id` (`product_id`),
  KEY `store_id` (`store_id`),
  CONSTRAINT `price_weekly_avg_ibfk_1` FOREIGN KEY (`product_id`) REFERENCES `products` (`product_id`),
  CONSTRAINT `price_weekly_avg_ibfk_2` FOREIGN KEY (`store_id`) REFERENCES `stores` (`store_id`)
) ENGINE=InnoDB DEFAULT CHARSET=utf8 COLLATE=utf8_unicode_ci;
/*!40101 SET character_set_client = @saved_cs_client */;

--
-- Dumping data for table `price_weekly_avg`
--

LOCK TABLES `price_weekly_avg` WRITE;
/*!40000 ALTER TABLE `price_weekly_avg` DISABLE KEYS */;
/*!40000 ALTER TABLE `price_weekly_avg` ENABLE KEYS */;
UNLOCK TABLES;

--
-- Table structure for table `prices`
--

DROP TABLE IF EXISTS `prices`;
/*!40101 SET @saved_cs_client     = @@character_set_client */;
/*!40101 SET character_set_client = utf8 */;
CREATE TABLE `prices` (
  `price_id` int(10) unsigned NOT NULL AUTO_INCREMENT,
  `product_id` int(10) unsigned NOT NULL,
  `store_id` int(10) unsigned NOT NULL,
  `price` int(10) unsigned NOT NULL,
  `quantity` int(10) unsigned DEFAULT NULL,
  `unit_price` decimal(10,2) DEFAULT NULL,
  `image_path` varchar(255) DEFAULT NULL,
  `updated_at` timestamp NOT NULL DEFAULT current_timestamp() ON UPDATE current_timestamp(),
  PRIMARY KEY (`price_id`),
  UNIQUE KEY `product_id` (`product_id`,`store_id`),
  KEY `store_id` (`store_id`),
  CONSTRAINT `prices_ibfk_1` FOREIGN KEY (`product_id`) REFERENCES `products` (`product_id`),
  CONSTRAINT `prices_ibfk_2` FOREIGN KEY (`store_id`) REFERENCES `stores` (`store_id`)
) ENGINE=InnoDB AUTO_INCREMENT=243 DEFAULT CHARSET=utf8 COLLATE=utf8_unicode_ci;
/*!40101 SET character_set_client = @saved_cs_client */;

--
-- Dumping data for table `prices`
--

LOCK TABLES `prices` WRITE;
/*!40000 ALTER TABLE `prices` DISABLE KEYS */;
INSERT INTO `prices` VALUES (5,2,6,235,NULL,NULL,'6-2.webp','2025-07-07 05:12:32'),(6,3,6,483,NULL,NULL,'6-3.webp','2025-07-07 05:12:32'),(7,4,6,192,NULL,NULL,'6-4.webp','2025-07-07 05:12:32'),(8,5,6,900,600,NULL,'6-5.webp','2025-07-07 05:12:32'),(9,6,6,670,NULL,NULL,'6-6.webp','2025-07-07 05:12:32'),(10,7,6,483,NULL,NULL,'6-7.webp','2025-07-07 05:12:32'),(11,8,6,235,NULL,NULL,'6-8.webp','2025-07-07 05:12:32'),(12,9,6,78,NULL,NULL,'6-9.webp','2025-07-07 05:12:32'),(13,10,6,192,NULL,NULL,'6-10.webp','2025-07-07 05:12:32'),(14,11,6,95,NULL,NULL,'6-11.webp','2025-07-07 05:12:32'),(15,12,6,41,NULL,NULL,'6-12.webp','2025-07-07 05:12:32'),(16,13,6,203,NULL,NULL,'6-13.webp','2025-07-07 05:12:32'),(17,14,6,257,NULL,NULL,'6-14.webp','2025-07-07 05:12:32'),(18,15,6,332,NULL,NULL,'6-15.webp','2025-07-07 05:12:32'),(19,16,6,170,NULL,NULL,'6-16.webp','2025-07-07 05:12:32'),(20,17,6,278,NULL,NULL,'6-17.webp','2025-07-07 05:12:32'),(21,18,6,127,NULL,NULL,'6-18.webp','2025-07-07 05:12:32'),(22,19,6,224,NULL,NULL,'6-19.webp','2025-07-07 05:12:32'),(23,20,6,170,NULL,NULL,'6-20.webp','2025-07-07 05:12:32'),(24,21,6,95,NULL,NULL,'6-21.webp','2025-07-07 05:12:32'),(25,22,6,203,NULL,NULL,'6-22.webp','2025-07-07 05:12:32'),(26,23,6,602,NULL,NULL,'6-23.webp','2025-07-07 05:12:32'),(27,24,6,591,NULL,NULL,'6-24.webp','2025-07-07 05:12:32'),(28,25,6,278,NULL,NULL,'6-25.webp','2025-07-07 05:12:32'),(29,26,6,235,NULL,NULL,'6-26.webp','2025-07-07 05:12:32'),(30,27,6,354,NULL,NULL,'6-27.webp','2025-07-07 05:12:32'),(31,28,6,481,NULL,NULL,'6-28.webp','2025-07-07 05:12:32'),(32,29,6,138,NULL,NULL,'6-29.webp','2025-07-07 05:12:32'),(33,30,6,138,NULL,NULL,'6-30.webp','2025-07-07 05:12:32'),(34,31,6,393,NULL,NULL,'6-31.webp','2025-07-07 05:12:32'),(35,32,6,95,NULL,NULL,'6-32.webp','2025-07-07 05:12:32'),(36,33,6,224,NULL,NULL,'6-33.webp','2025-07-07 05:12:32'),(37,34,6,429,NULL,NULL,'6-34.webp','2025-07-07 05:12:32'),(38,35,6,213,NULL,NULL,'6-35.webp','2025-07-07 05:12:32'),(39,2,7,203,NULL,NULL,'702.jpg','2025-07-07 04:33:15'),(40,3,7,418,NULL,NULL,'703.jpg','2025-07-07 04:33:15'),(41,4,7,227,NULL,NULL,'704.jpg','2025-07-07 04:33:15'),(42,5,7,550,280,NULL,'705.jpg','2025-07-07 04:33:15'),(43,6,7,675,NULL,NULL,'706.jpg','2025-07-07 04:33:15'),(44,7,7,461,NULL,NULL,'707.jpg','2025-07-07 04:33:15'),(45,8,7,295,NULL,NULL,'708.jpg','2025-07-07 04:33:15'),(46,9,7,101,NULL,NULL,'709.jpg','2025-07-07 04:33:15'),(47,10,7,182,NULL,NULL,'710.jpg','2025-07-07 04:33:15'),(48,11,7,101,NULL,NULL,'711.jpg','2025-07-07 04:33:15'),(49,12,7,25,NULL,NULL,'712.jpg','2025-07-07 04:33:15'),(50,13,7,309,NULL,NULL,'713.jpg','2025-07-07 04:33:15'),(51,14,7,247,NULL,NULL,'714.jpg','2025-07-07 04:33:15'),(52,15,7,269,NULL,NULL,'715.jpg','2025-07-07 04:33:15'),(53,16,7,163,NULL,NULL,'716.jpg','2025-07-07 04:33:15'),(54,17,7,428,NULL,NULL,'717.jpg','2025-07-07 04:33:15'),(55,18,7,115,NULL,NULL,'718.jpg','2025-07-07 04:33:15'),(56,19,7,197,NULL,NULL,'719.jpg','2025-07-07 04:33:15'),(57,20,7,123,NULL,NULL,'720.jpg','2025-07-07 04:33:15'),(58,21,7,100,NULL,NULL,'721.jpg','2025-07-07 04:33:15'),(59,22,7,187,NULL,NULL,'722.jpg','2025-07-07 04:33:15'),(60,23,7,520,NULL,NULL,'723.jpg','2025-07-07 04:33:15'),(61,24,7,409,NULL,NULL,'724.jpg','2025-07-07 04:33:15'),(62,25,7,268,NULL,NULL,'725.jpg','2025-07-07 04:33:15'),(63,26,7,355,NULL,NULL,'726.jpg','2025-07-07 04:33:15'),(64,27,7,216,NULL,NULL,'727.jpg','2025-07-07 04:33:15'),(65,28,7,378,NULL,NULL,'728.jpg','2025-07-07 04:33:15'),(66,29,7,139,NULL,NULL,'729.jpg','2025-07-07 04:33:15'),(67,30,7,114,NULL,NULL,'730.jpg','2025-07-07 04:33:15'),(68,31,7,256,NULL,NULL,'731.jpg','2025-07-07 04:33:15'),(69,32,7,96,NULL,NULL,'732.jpg','2025-07-07 04:33:15'),(70,33,7,214,NULL,NULL,'733.jpg','2025-07-07 04:33:15'),(71,34,7,293,NULL,NULL,'734.jpg','2025-07-07 04:33:15'),(72,35,7,214,NULL,NULL,'735.jpg','2025-07-07 04:33:15'),(73,2,5,176,NULL,NULL,'502.jpg','2025-07-05 14:56:40'),(74,3,5,408,NULL,NULL,'503.jpg','2025-07-05 15:01:20'),(75,4,5,203,NULL,NULL,'504.jpg','2025-07-05 15:01:46'),(76,5,5,372,300,NULL,'505.jpg','2025-07-07 06:20:09'),(77,6,5,298,NULL,NULL,'506.jpg','2025-07-05 15:04:07'),(78,7,5,429,NULL,NULL,'507.jpg','2025-07-05 15:04:46'),(79,8,5,232,NULL,NULL,'508.jpg','2025-07-05 15:05:10'),(80,9,5,84,NULL,NULL,'509.jpg','2025-07-05 15:05:45'),(81,10,5,170,NULL,NULL,'510.jpg','2025-07-05 15:06:07'),(82,11,5,95,NULL,NULL,'511.jpg','2025-07-05 15:06:29'),(83,12,5,41,NULL,NULL,'512.jpg','2025-07-05 15:06:50'),(84,13,5,213,NULL,NULL,'513.jpg','2025-07-05 15:07:19'),(85,14,5,321,NULL,NULL,'514.jpg','2025-07-05 15:07:39'),(86,15,5,286,NULL,NULL,'515.jpg','2025-07-05 15:08:00'),(87,16,5,159,NULL,NULL,'516.jpg','2025-07-05 15:08:19'),(88,17,5,289,NULL,NULL,'517.jpg','2025-07-05 15:08:49'),(89,18,5,116,NULL,NULL,'518.jpg','2025-07-05 15:09:13'),(90,19,5,192,NULL,NULL,'519.jpg','2025-07-05 15:09:34'),(91,20,5,104,NULL,NULL,'520.jpg','2025-07-05 15:10:07'),(92,21,5,84,NULL,NULL,'521.jpg','2025-07-05 15:10:30'),(93,22,5,181,NULL,NULL,'522.jpg','2025-07-05 15:10:57'),(94,23,5,559,NULL,NULL,'523.jpg','2025-07-05 15:11:21'),(95,24,5,375,NULL,NULL,'524.jpg','2025-07-05 15:11:48'),(96,25,5,213,NULL,NULL,'525.jpg','2025-07-05 15:12:24'),(97,26,5,300,NULL,NULL,'526.jpg','2025-07-05 15:12:44'),(98,27,5,246,NULL,NULL,'527.jpg','2025-07-05 15:13:04'),(99,28,5,305,NULL,NULL,'528.jpg','2025-07-05 15:13:28'),(100,29,5,138,NULL,NULL,'529.jpg','2025-07-05 15:13:49'),(101,30,5,138,NULL,NULL,'530.jpg','2025-07-05 15:14:06'),(102,31,5,272,NULL,NULL,'531.jpg','2025-07-05 15:14:28'),(103,32,5,95,NULL,NULL,'532.jpg','2025-07-05 15:14:55'),(104,33,5,213,NULL,NULL,'533.jpg','2025-07-05 15:15:17'),(105,34,5,300,NULL,NULL,'534.jpg','2025-07-05 15:15:35'),(106,35,5,213,NULL,NULL,'535.jpg','2025-07-05 15:15:52');
/*!40000 ALTER TABLE `prices` ENABLE KEYS */;
UNLOCK TABLES;

--
-- Table structure for table `products`
--

DROP TABLE IF EXISTS `products`;
/*!40101 SET @saved_cs_client     = @@character_set_client */;
/*!40101 SET character_set_client = utf8 */;
CREATE TABLE `products` (
  `product_id` int(10) unsigned NOT NULL AUTO_INCREMENT,
  `product_name` varchar(255) NOT NULL,
  PRIMARY KEY (`product_id`)
) ENGINE=InnoDB AUTO_INCREMENT=36 DEFAULT CHARSET=utf8 COLLATE=utf8_unicode_ci;
/*!40101 SET character_set_client = @saved_cs_client */;

--
-- Dumping data for table `products`
--

LOCK TABLES `products` WRITE;
/*!40000 ALTER TABLE `products` DISABLE KEYS */;
INSERT INTO `products` VALUES (2,'超熟 6枚切り'),(3,'マ・マー 500g'),(4,'日清食品 カップヌードル'),(5,'鶏もも肉'),(6,'鮭(切り身)'),(7,'シャウエッセン'),(8,'味の素 冷凍ギョーザ'),(9,'国産玉ねぎ'),(10,'国産キャベツ'),(11,'国産にんじん'),(12,'国産もやし 200g'),(13,'海外産バナナ'),(14,'国産大根'),(15,'おいしい牛乳900ml'),(16,'明治 ブルガリアヨーグルト 400g'),(17,'雪印 スライスチーズ 7枚入り'),(18,'サントリー 天然水 2L'),(19,'コカ・コーラ 1.5L'),(20,'ジョージア カフェラテ 500ml'),(21,'サントリー 伊右衛門 600ml'),(22,'ボンカレーゴールド 中辛'),(23,'サッポロ一番 しょうゆ 5食入り'),(24,'キッコーマン 特選丸大豆しょうゆ 750ml'),(25,'カゴメ ケチャップ 500g'),(26,'ピュアセレクト 400g'),(27,'伯方の塩 500g'),(28,'サランラップ 22cm*50m'),(29,'雪印メグミルク なめらかプリン 70g*3'),(30,'エッセル スーパーカップ'),(31,'スコッティ カシミヤ ティッシュ'),(32,'おかめ納豆 極小粒ミニ 50g*3'),(33,'国産ブロッコリー'),(34,'ミツカン カンタン酢'),(35,'国産ほうれん草');
/*!40000 ALTER TABLE `products` ENABLE KEYS */;
UNLOCK TABLES;

--
-- Table structure for table `stores`
--

DROP TABLE IF EXISTS `stores`;
/*!40101 SET @saved_cs_client     = @@character_set_client */;
/*!40101 SET character_set_client = utf8 */;
CREATE TABLE `stores` (
  `store_id` int(10) unsigned NOT NULL AUTO_INCREMENT,
  `store_name` varchar(100) NOT NULL,
  PRIMARY KEY (`store_id`)
) ENGINE=InnoDB AUTO_INCREMENT=9 DEFAULT CHARSET=utf8 COLLATE=utf8_unicode_ci;
/*!40101 SET character_set_client = @saved_cs_client */;

--
-- Dumping data for table `stores`
--

LOCK TABLES `stores` WRITE;
/*!40000 ALTER TABLE `stores` DISABLE KEYS */;
INSERT INTO `stores` VALUES (5,'イオン'),(6,'イトーヨーカドー'),(7,'Amazon'),(8,'ライフ');
/*!40000 ALTER TABLE `stores` ENABLE KEYS */;
UNLOCK TABLES;
/*!40103 SET TIME_ZONE=@OLD_TIME_ZONE */;

/*!40101 SET SQL_MODE=@OLD_SQL_MODE */;
/*!40014 SET FOREIGN_KEY_CHECKS=@OLD_FOREIGN_KEY_CHECKS */;
/*!40014 SET UNIQUE_CHECKS=@OLD_UNIQUE_CHECKS */;
/*!40101 SET CHARACTER_SET_CLIENT=@OLD_CHARACTER_SET_CLIENT */;
/*!40101 SET CHARACTER_SET_RESULTS=@OLD_CHARACTER_SET_RESULTS */;
/*!40101 SET COLLATION_CONNECTION=@OLD_COLLATION_CONNECTION */;
/*!40111 SET SQL_NOTES=@OLD_SQL_NOTES */;

-- Dump completed on 2025-07-07 16:01:00
